filename,label
IMG_20250528_172517.jpg,1
IMG_20250528_200526.jpg,1
IMG_20250528_200529.jpg,1
IMG_20250528_200634.jpg,1
IMG_20250528_200703.jpg,1
IMG_20250528_200706.jpg,1
IMG_20250528_200853.jpg,1
IMG_20250528_200914.jpg,1
IMG_20250528_200938.jpg,1
IMG_20250528_201000.jpg,1
IMG_20250528_201002.jpg,1
IMG_20250528_201357.jpg,1
IMG_20250528_201826.jpg,1
IMG_20250528_201845.jpg,1
IMG_20250528_202027.jpg,1
IMG_20251101_153420.jpg,1
IMG_20251101_153424.jpg,1
IMG_20251101_153447.jpg,1
IMG_20251101_153625.jpg,1
IMG_20251101_153633.jpg,1
IMG_20251101_153635.jpg,1
IMG_20251101_154127.jpg,1
IMG_20251101_154132.jpg,1
IMG_20251101_193633.jpg,1
IMG_20251101_193636.jpg,1
IMG_20251101_193641.jpg,1
IMG_20251101_193651.jpg,1
IMG_20251101_193701.jpg,1
IMG_20251101_193704.jpg,1
IMG_20251101_193707.jpg,1
IMG_20251101_193712.jpg,1
IMG_20251101_193714.jpg,1
IMG_20251101_193825.jpg,1
IMG_20251101_193828.jpg,1
IMG_20251101_193830.jpg,1
IMG_20251101_193835.jpg,1
IMG_20251101_193840.jpg,1
IMG_20251101_193841.jpg,1
IMG_20251101_193844.jpg,1
IMG_20251101_193846.jpg,1
IMG_20251101_193849.jpg,1
IMG_20251101_194031.jpg,1
IMG_20251101_194033.jpg,1
IMG_20251101_194035.jpg,1
IMG_20251101_194037.jpg,1
IMG_20251101_194040.jpg,1
IMG_20251101_194042.jpg,1
IMG_20251101_194044.jpg,1
IMG_20251101_194136.jpg,1
IMG_20251101_194137.jpg,1
IMG_20251101_194139.jpg,1
IMG_20251101_194141.jpg,1
IMG_20251101_194143.jpg,1
IMG_20251101_194149.jpg,1
IMG_20251101_203416.jpg,1
IMG_20251101_203417.jpg,1
IMG_20251101_203421.jpg,1
IMG_20251101_203426.jpg,1
IMG_20251101_203428.jpg,1
IMG_20251101_203430.jpg,1
IMG_20251101_203431.jpg,1
IMG_20251101_203435.jpg,1
IMG_20251101_203436.jpg,1
IMG_20251101_203440.jpg,1
IMG_20251101_203441.jpg,1
IMG_20251101_203454.jpg,1
IMG_20251101_203616.jpg,1
IMG_20251101_203619.jpg,1
IMG_20251101_203620.jpg,1
IMG_20251101_203628.jpg,1
IMG_20251101_203631.jpg,1
IMG_20251101_203632.jpg,1
IMG_20251101_203638.jpg,1
IMG_20251102_221546.jpg,1
IMG_20251103_123113.jpg,1
IMG_20251103_123114.jpg,1
IMG_20251103_123117.jpg,1
IMG_20251103_123137.jpg,1
IMG_20251103_123139.jpg,1
IMG_20251103_123156.jpg,1
IMG_20251103_123158.jpg,1
IMG_20251103_123211.jpg,1
IMG_20251103_123255.jpg,1
IMG_20251103_123300.jpg,1
IMG_20251103_123325.jpg,1
IMG_20251103_123337.jpg,1
IMG_20251103_123351.jpg,1
IMG_20251103_123354.jpg,1
IMG_20251103_123359.jpg,1
IMG_20251103_123455.jpg,1
IMG_20251103_123501.jpg,1
IMG_20251103_123516.jpg,1
IMG_20251103_123517.jpg,1
IMG_20251103_123523.jpg,1
IMG_20251103_123602.jpg,1
IMG_20251103_123607.jpg,1
IMG_20251103_123625.jpg,1
IMG_20251103_123634.jpg,1
IMG_20251103_123705.jpg,1
IMG_20251103_123710.jpg,1
IMG_20251103_123722.jpg,1
IMG_20251103_123726.jpg,1
IMG_20251103_123851.jpg,1
IMG_20251103_123853.jpg,1
IMG_20251103_123859.jpg,1
IMG_20251103_123909.jpg,1
IMG_20251103_123918.jpg,1
IMG_20251103_124046.jpg,1
IMG_20251103_124053.jpg,1
IMG_20251103_124110.jpg,1
IMG_20251103_124118.jpg,1
IMG_20251103_124148.jpg,1
IMG_20251103_124156.jpg,1
IMG_20251103_124158.jpg,1
IMG_20251103_124206.jpg,1
IMG_20251103_124210.jpg,1
IMG_20251103_124228.jpg,1
IMG_20251103_124234.jpg,1
IMG_20251103_124350.jpg,1
IMG_20251103_124358.jpg,1
IMG_20251103_124424.jpg,1
IMG_20251103_124431.jpg,1
WhatsApp Image 2025-11-02 at 22.28.19.jpeg,1
WhatsApp Image 2025-11-02 at 22.37.20.jpeg,1
WhatsApp Image 2025-11-02 at 22.37.40 (1).jpeg,1
WhatsApp Image 2025-11-02 at 22.37.40 (2).jpeg,1
WhatsApp Image 2025-11-02 at 22.37.40.jpeg,1
WhatsApp Image 2025-11-02 at 22.38.44.jpeg,1
WhatsApp Image 2025-11-02 at 22.43.11.jpeg,1
WhatsApp Image 2025-11-02 at 22.43.34.jpeg,1
WhatsApp Image 2025-11-02 at 22.45.52.jpeg,1
WhatsApp Image 2025-11-02 at 22.51.37.jpeg,1
000925.jpg,0
000926.jpg,0
000927.jpg,0
000928.jpg,0
000929.jpg,0
000930.jpg,0
000931.jpg,0
000932.jpg,0
000933.jpg,0
000934.jpg,0
000935.jpg,0
000936.jpg,0
000937.jpg,0
000938.jpg,0
000939.jpg,0
000940.jpg,0
000941.jpg,0
000942.jpg,0
000943.jpg,0
000944.jpg,0
000945.jpg,0
000946.jpg,0
000947.jpg,0
000948.jpg,0
000949.jpg,0
000950.jpg,0
000951.jpg,0
000952.jpg,0
000953.jpg,0
000954.jpg,0
000955.jpg,0
000956.jpg,0
000957.jpg,0
000958.jpg,0
000959.jpg,0
000960.jpg,0
000961.jpg,0
000962.jpg,0
000963.jpg,0
000964.jpg,0
000965.jpg,0
000966.jpg,0
000967.jpg,0
000968.jpg,0
000969.jpg,0
000970.jpg,0
000971.jpg,0
000972.jpg,0
000973.jpg,0
000974.jpg,0
000975.jpg,0
000976.jpg,0
000977.jpg,0
000978.jpg,0
000979.jpg,0
000980.jpg,0
000981.jpg,0
000982.jpg,0
000983.jpg,0
000984.jpg,0
000985.jpg,0
000986.jpg,0
000987.jpg,0
000988.jpg,0
000989.jpg,0
000990.jpg,0
000991.jpg,0
000992.jpg,0
000993.jpg,0
000994.jpg,0
000995.jpg,0
000996.jpg,0
000997.jpg,0
000998.jpg,0
000999.jpg,0
001000.jpg,0
001001.jpg,0
001002.jpg,0
001003.jpg,0
001004.jpg,0
001005.jpg,0
001006.jpg,0
001007.jpg,0
001008.jpg,0
001009.jpg,0
001010.jpg,0
001011.jpg,0
001012.jpg,0
001013.jpg,0
001014.jpg,0
001015.jpg,0
001016.jpg,0
001017.jpg,0
001018.jpg,0
001019.jpg,0
001020.jpg,0
001021.jpg,0
001022.jpg,0
001023.jpg,0
001024.jpg,0
001025.jpg,0
001026.jpg,0
001027.jpg,0
001028.jpg,0
001029.jpg,0
001030.jpg,0
001031.jpg,0
001032.jpg,0
001033.jpg,0
001034.jpg,0
001035.jpg,0
001036.jpg,0
001037.jpg,0
001038.jpg,0
001039.jpg,0
001040.jpg,0
001041.jpg,0
001042.jpg,0
001043.jpg,0
001044.jpg,0
001045.jpg,0
001046.jpg,0
001047.jpg,0
001048.jpg,0
001049.jpg,0
001050.jpg,0
001051.jpg,0
001052.jpg,0
001053.jpg,0
001054.jpg,0
001055.jpg,0
001056.jpg,0
001057.jpg,0
001058.jpg,0
001059.jpg,0
001060.jpg,0
001061.jpg,0
001062.jpg,0
001063.jpg,0
001064.jpg,0
001065.jpg,0
001066.jpg,0
001067.jpg,0
001068.jpg,0
001069.jpg,0
001070.jpg,0
001071.jpg,0
001072.jpg,0
001073.jpg,0
001074.jpg,0
001075.jpg,0
001076.jpg,0
001077.jpg,0
001078.jpg,0
001079.jpg,0
001080.jpg,0
001081.jpg,0
001082.jpg,0
001083.jpg,0
001084.jpg,0
001085.jpg,0
001086.jpg,0
001087.jpg,0
001088.jpg,0
001089.jpg,0
001090.jpg,0
001091.jpg,0
001092.jpg,0
001093.jpg,0
001094.jpg,0
001095.jpg,0
001096.jpg,0
001097.jpg,0
001098.jpg,0
001099.jpg,0
001100.jpg,0
001101.jpg,0
001102.jpg,0
001103.jpg,0
001104.jpg,0
001105.jpg,0
001106.jpg,0
001107.jpg,0
001108.jpg,0
001109.jpg,0
001110.jpg,0
001111.jpg,0
001112.jpg,0
001113.jpg,0
001114.jpg,0
001115.jpg,0
001116.jpg,0
001117.jpg,0
001118.jpg,0
001119.jpg,0
001120.jpg,0
001121.jpg,0
001122.jpg,0
001123.jpg,0
001124.jpg,0
001125.jpg,0
001126.jpg,0
001127.jpg,0
001128.jpg,0
001129.jpg,0
001130.jpg,0
001131.jpg,0
001132.jpg,0
001133.jpg,0
001134.jpg,0
001135.jpg,0
001136.jpg,0
001137.jpg,0
001138.jpg,0
001139.jpg,0
001140.jpg,0
001141.jpg,0
001142.jpg,0
001143.jpg,0
001144.jpg,0
001145.jpg,0
001146.jpg,0
001147.jpg,0
001148.jpg,0
001149.jpg,0
001150.jpg,0
001151.jpg,0
001152.jpg,0
001153.jpg,0
001154.jpg,0
001155.jpg,0
001156.jpg,0
001157.jpg,0
001158.jpg,0
001159.jpg,0
001160.jpg,0
001161.jpg,0
001162.jpg,0
001163.jpg,0
001164.jpg,0
001165.jpg,0
001166.jpg,0
001167.jpg,0
001168.jpg,0
001169.jpg,0
001170.jpg,0
001171.jpg,0
001172.jpg,0
001173.jpg,0
001174.jpg,0
001175.jpg,0
001176.jpg,0
001177.jpg,0
001178.jpg,0
001179.jpg,0
001180.jpg,0
001181.jpg,0
001182.jpg,0
001183.jpg,0
001184.jpg,0
001185.jpg,0
001186.jpg,0
001187.jpg,0
001188.jpg,0
001189.jpg,0
001190.jpg,0
001191.jpg,0
001192.jpg,0
001193.jpg,0
001194.jpg,0
001195.jpg,0
001196.jpg,0
001197.jpg,0
001198.jpg,0
001199.jpg,0
001200.jpg,0
001201.jpg,0
001202.jpg,0
001203.jpg,0
001204.jpg,0
001205.jpg,0
001206.jpg,0
001207.jpg,0
001208.jpg,0
001209.jpg,0
001210.jpg,0
001211.jpg,0
001212.jpg,0
001213.jpg,0
001214.jpg,0
001215.jpg,0
001216.jpg,0
001217.jpg,0
001218.jpg,0
001219.jpg,0
001220.jpg,0
001221.jpg,0
001222.jpg,0
001223.jpg,0
001224.jpg,0
001225.jpg,0
001226.jpg,0
001227.jpg,0
001228.jpg,0
001229.jpg,0
001230.jpg,0
001231.jpg,0
001232.jpg,0
001233.jpg,0
001234.jpg,0
001235.jpg,0
001236.jpg,0
001237.jpg,0
001238.jpg,0
001239.jpg,0
001240.jpg,0
001241.jpg,0
001242.jpg,0
001243.jpg,0
001244.jpg,0
001245.jpg,0
001246.jpg,0
001247.jpg,0
001248.jpg,0
001249.jpg,0
001250.jpg,0
001251.jpg,0
001252.jpg,0
001253.jpg,0
001254.jpg,0
001255.jpg,0
001256.jpg,0
001257.jpg,0
001258.jpg,0
001259.jpg,0
001260.jpg,0
001261.jpg,0
001262.jpg,0
001263.jpg,0
001264.jpg,0
001265.jpg,0
001266.jpg,0
001267.jpg,0
001268.jpg,0
001269.jpg,0
001270.jpg,0
001271.jpg,0
001272.jpg,0
001273.jpg,0
001274.jpg,0
001275.jpg,0
001276.jpg,0
001277.jpg,0
001278.jpg,0
001279.jpg,0
001280.jpg,0
001281.jpg,0
001282.jpg,0
001283.jpg,0
001284.jpg,0
001285.jpg,0
001286.jpg,0
001287.jpg,0
001288.jpg,0
001289.jpg,0
001290.jpg,0
001291.jpg,0
001292.jpg,0
001293.jpg,0
001294.jpg,0
001295.jpg,0
001296.jpg,0
001297.jpg,0
001298.jpg,0
001299.jpg,0
001300.jpg,0
001301.jpg,0
001302.jpg,0
001303.jpg,0
001304.jpg,0
001305.jpg,0
001306.jpg,0
001307.jpg,0
001308.jpg,0
001309.jpg,0
001310.jpg,0
001311.jpg,0
001312.jpg,0
001313.jpg,0
001314.jpg,0
001315.jpg,0
001316.jpg,0
001317.jpg,0
001318.jpg,0
001319.jpg,0
001320.jpg,0
001321.jpg,0
001322.jpg,0
001323.jpg,0
001324.jpg,0
001325.jpg,0
001326.jpg,0
001327.jpg,0
001328.jpg,0
001329.jpg,0
001330.jpg,0
001331.jpg,0
001332.jpg,0
001333.jpg,0
001334.jpg,0
001335.jpg,0
001336.jpg,0
001337.jpg,0
001338.jpg,0
001339.jpg,0
001340.jpg,0
001341.jpg,0
001342.jpg,0
001343.jpg,0
001344.jpg,0
001345.jpg,0
001346.jpg,0
001347.jpg,0
001348.jpg,0
001349.jpg,0
001350.jpg,0
001351.jpg,0
001352.jpg,0
001353.jpg,0
001354.jpg,0
001355.jpg,0
001356.jpg,0
001357.jpg,0
001358.jpg,0
001359.jpg,0
001360.jpg,0
001361.jpg,0
001362.jpg,0
001363.jpg,0
001364.jpg,0
001365.jpg,0
001366.jpg,0
001367.jpg,0
001368.jpg,0
001369.jpg,0
001370.jpg,0
001371.jpg,0
001372.jpg,0
001373.jpg,0
001374.jpg,0
001375.jpg,0
001376.jpg,0
001377.jpg,0
001378.jpg,0
001379.jpg,0
001380.jpg,0
001381.jpg,0
001382.jpg,0
001383.jpg,0
001384.jpg,0
001385.jpg,0
001386.jpg,0
001387.jpg,0
001388.jpg,0
001389.jpg,0
001390.jpg,0
001391.jpg,0
001392.jpg,0
001393.jpg,0
001394.jpg,0
001395.jpg,0
001396.jpg,0
001397.jpg,0
001398.jpg,0
001399.jpg,0
001400.jpg,0
001402.jpg,0
001403.jpg,0
001404.jpg,0
001405.jpg,0
001406.jpg,0
001407.jpg,0
001408.jpg,0
001409.jpg,0
001410.jpg,0
001411.jpg,0
001412.jpg,0
001413.jpg,0
001414.jpg,0
001415.jpg,0
001416.jpg,0
001417.jpg,0
001418.jpg,0
001419.jpg,0
001420.jpg,0
001421.jpg,0
001422.jpg,0
001423.jpg,0
001424.jpg,0
